{"cameraMode":{"drawMode":0,"name":"Shaded","section":"Shading Mode"},"sceneLighting":true,"audioPlay":false,"sceneViewState":{"showFog":true,"showMaterialUpdate":false,"showSkybox":true,"showFlares":true,"showImageEffects":true,"showParticleSystems":true},"in2DMode":false,"pivot":{"x":46.664161682128909,"y":26.073287963867189,"z":5.403666019439697},"rotation":{"x":0.145835742354393,"y":-0.7562761902809143,"z":0.18027104437351228,"w":0.6118147373199463},"size":20.003337860107423,"orthographic":false}